<beans xmlns="http://www.springframework.org/schema/beans"
	xmlns:xsi="http://www.w3.org/2001/XMLSchema-instance"
	xmlns:mvc="http://www.springframework.org/schema/mvc"
	xmlns:context="http://www.springframework.org/schema/context"
	xmlns:tx="http://www.springframework.org/schema/tx"
  	xmlns:p="http://www.springframework.org/schema/p"
  	xmlns:sec="http://www.springframework.org/schema/security"
	xsi:schemaLocation="
	http://www.springframework.org/schema/beans     
	http://www.springframework.org/schema/beans/spring-beans-4.0.xsd
	http://www.springframework.org/schema/mvc
    http://www.springframework.org/schema/mvc/spring-mvc-4.0.xsd
	http://www.springframework.org/schema/context 
	http://www.springframework.org/schema/context/spring-context-4.0.xsd
	http://www.springframework.org/schema/tx 
    http://www.springframework.org/schema/tx/spring-tx.xsd
    http://www.springframework.org/schema/security 
    http://www.springframework.org/schema/security/spring-security-3.2.xsd">

	<tx:annotation-driven transaction-manager="transactionManager"/>
	
	<!-- Spring servlet -->
	<!-- <context:component-scan base-package="com.mydomain.controller" /> -->
	<context:component-scan base-package="asu.bank" >
	</context:component-scan>
	
	<!--  view resolver -->
	<bean
		class="org.springframework.web.servlet.view.InternalResourceViewResolver">
		<property name="prefix">
			<value>/WEB-INF/pages/</value>
		</property>
		<property name="suffix">
			<value>.jsp</value>
		</property>
	</bean>
	
	<!-- Reource mapping -->
	<mvc:resources mapping="/resources/**" location="/resources/bankResources/" />
	<mvc:annotation-driven></mvc:annotation-driven>
	
	<!-- datasource -->
	<bean id="dataSource" class="org.apache.commons.dbcp.BasicDataSource"
        destroy-method="close">
        <property name="driverClassName" value="com.mysql.jdbc.Driver" />
        <property name="url" value="jdbc:mysql://localhost:3306/surakshit_bank" />
        <property name="username" value="root" />
        <!-- <property name="password" value="hayden116" /> -->
        <property name="password" value="gandhi" />
        <property name="initialSize" value="15" />
        <property name="maxActive" value="20" />
    </bean>
    
    <!-- session factory -->
    <bean id="hibernate3AnnotatedSessionFactory"
        class="org.springframework.orm.hibernate3.annotation.AnnotationSessionFactoryBean">
        <property name="dataSource" ref="dataSource" />
        <property name="packagesToScan" value="asu.bank.hibernateFiles"/>
        <!-- <property name="annotatedClasses">
            <list>
                <value>asu.bank.HibernateFiles.Test</value>
            </list>
        </property> -->
        <property name="hibernateProperties">
            <props>
                <prop key="hibernate.dialect">org.hibernate.dialect.MySQLDialect</prop>
                <!-- <prop key="hibernate.current_session_context_class">thread</prop> -->
                <prop key="hibernate.show_sql">true</prop>
                <prop key="format_sql">true</prop>
				<prop key="use_sql_comments">true</prop>
            </props>
        </property>
    </bean>
    
    <!-- SessionGenerator -->
    <!-- <bean id="HibernateUtil" class="asu.bank.utility.HibernateUtility">
        <property name="sessionFactory" ref="hibernate3AnnotatedSessionFactory" />
    </bean> -->
    
    <bean id="transactionManager"
    class="org.springframework.orm.hibernate3.HibernateTransactionManager" 
    p:sessionFactory-ref="hibernate3AnnotatedSessionFactory">
  </bean>
  
  <bean id="messageSource" class="org.springframework.context.support.ResourceBundleMessageSource">
    <property name="basename" value="messages"/>
</bean>
	
<sec:global-method-security pre-post-annotations="enabled" ></sec:global-method-security>

	<bean id='recaptcha' class='net.tanesha.recaptcha.ReCaptchaImpl'>
 		<property name='privateKey' value='6LeFvfwSAAAAANnvC0Gxyq-WAIy6Sw7Sods8DACC'></property>
	</bean>
	
	<bean id="mailSender" class="org.springframework.mail.javamail.JavaMailSenderImpl">
	<property name="host" value="smtp.gmail.com" />
	<property name="port" value="587" />
	<!-- <property name="port" value="465" /> -->
	<property name="username" value="surakshitbank@gmail.com" />
	<property name="password" value="Group7bank" />
 
	<property name="javaMailProperties">
	   <props>
	   		  <prop key="mail.transport.protocol">smtp</prop>
       	      <prop key="mail.smtp.auth">true</prop>
       	      <prop key="mail.smtp.starttls.enable">true</prop>
       	      <prop key="mail.debug">true</prop>
       	      <prop key="mail.smtp.user">surakshitbank@gmail.com</prop>
       	      <prop key="mail.smtp.password">Group7bank</prop>
       	      <prop key="mail.smtps.ssl.checkserveridentity">true</prop>
              <prop key="mail.smtps.ssl.trust">*</prop>
       	   </props>
	</property>
</bean>
 
</beans>